Fecha;Regiones;Departamento;Latitud;Longitud;Aeropuerto;Carga Llegadas Nacionales;Carga Salidas Nacionales;Carga Llegadas Internacionales;Carga Salidas Internacionales;Vuelos Carga;Vuelos Ambulancia;Vuelos Humanitarios;Total Vuelos;Total Carga Transportada TON;Carga Vuelos Nacionales TON;Carga Vuelos Internacionales TON
25/03/2020;Cundinamarca;Cundinamarca;4,70131;-74,146303;Bogotá;88;11;118;234,71;22;5;1;28;364,59;1188;352,71
26/03/2020;Cundinamarca;Cundinamarca;4,70131;-74,146303;Bogotá;390;390;390;390;22;5;1;28;1560;780;780
27/03/2020;Cundinamarca;Cundinamarca;4,70131;-74,146303;Bogotá;300;240;300;240;16;5;0;21;540;0;540
28/03/2020;Cundinamarca;Cundinamarca;4,70131;-74,146303;Bogotá;;105;619;735;22;4;0;26;1459;105;1354
29/03/2020;Cundinamarca;Cundinamarca;4,70131;-74,146303;Bogotá;0;0;324;316;32;12;1;45;640;0;640
30/03/2020;Cundinamarca;Cundinamarca;4,70131;-74,146303;Bogotá;0;0;284;254;19;6;4;29;538;0;538
31/03/2020;Cundinamarca;Cundinamarca;4,70131;-74,146303;Bogotá;0;24;218;286;24;4;0;28;528;24;504
1/04/2020;Cundinamarca;Cundinamarca;4,70131;-74,146303;Bogotá;2788;1085;35467;292,31;32;6;1;39;783.351;13638;646.971
2/04/2020;Cundinamarca;Cundinamarca;4,70131;-74,146303;Bogotá;3314;7354;515;553;49;5;4;58;1174,68;10668;1068
3/04/2020;Cundinamarca;Cundinamarca;4,70131;-74,146303;Bogotá;85;78;307;314;30;6;9;45;784;163;621
4/04/2020;Cundinamarca;Cundinamarca;4,70131;-74,146303;Bogotá;29;0;642;544;29;5;0;34;1215;29;1186
5/04/2020;Cundinamarca;Cundinamarca;4,70131;-74,146303;Bogotá;2354;3609;407;710;31;2;3;36;1176,63;5963;1117
6/04/2020;Cundinamarca;Cundinamarca;4,70131;-74,146303;Bogotá;0;49;312;281;18;4;2;24;642;49;593
7/04/2020;Cundinamarca;Cundinamarca;4,70131;-74,146303;Bogotá;794;4523;332;635;42;5;0;47;1091,63;12463;967
8/04/2020;Cundinamarca;Cundinamarca;4,70131;-74,146303;Bogotá;145;14251;232;152;32;5;3;40;541,01;15701;384
9/04/2020;Cundinamarca;Cundinamarca;4,70131;-74,146303;Bogotá;252;2641;574;502;27;0;3;30;1127,61;5161;1076
10/04/2020;Cundinamarca;;4,70131;-74,146303;Bogotá;0;571;274;371;19;8;12;39;702,1;571;645
11/04/2020;Cundinamarca;Cundinamarca;4,70131;-74,146303;Bogotá;0;0;421;495,98;27;5;3;35;916.984;0;916.984
12/04/2020;Cundinamarca;Cundinamarca;4,70131;-74,146303;Bogotá;0;0;32256;390,34;29;6;0;35;712.898;0;712.898
13/04/2020;Cundinamarca;Cundinamarca;4,70131;-74,146303;Bogotá;0;557;293;91;12;8;8;28;439,7;557;384
14/04/2020;Cundinamarca;Cundinamarca;4,70131;-74,146303;Bogotá;3104;3222;461;691;38;13;1;52;1215,26;6326;1152
15/04/2020;Cundinamarca;Cundinamarca;4,70131;-74,146303;Bogotá;37;982;50918;694,21;38;0;2;40;1.338.592;1352;1.203.392
16/04/2020;Cundinamarca;Cundinamarca;4,70131;-74,146303;Bogotá;7645;5491;421;678;41;22;3;66;1230,36;13136;1099
17/04/2020;Cundinamarca;Cundinamarca;4,70131;-74,146303;Bogotá;2928;97;432;834;45;7;0;52;1304,98;3898;1266
18/04/2020;Cundinamarca;Cundinamarca;4,70131;-74,146303;Bogotá;1316;0;485;846;41;10;1;52;1344,16;1316;1331
19/04/2020;Cundinamarca;Cundinamarca;4,70131;-74,146303;Bogotá;115;2481;416;945;51;15;2;68;1386,96;2596;1361
20/04/2020;Cundinamarca;Cundinamarca;4,70131;-74,146303;Bogotá;0;0;198;977;43;13;13;69;1175;0;1175
21/04/2020;Cundinamarca;Cundinamarca;4,70131;-74,146303;Bogotá;3986;984;491;1103;59;8;1;68;1732,26;13826;1594
22/04/2020;Cundinamarca;Cundinamarca;4,70131;-74,146303;Bogotá;3758;7879;53479;1313,37;65;2;0;67;1964,53;11637;1848,16
23/04/2020;Cundinamarca;Cundinamarca;4,70131;-74,146303;Bogotá;170.726;659;43248;1.305.305;62;7;1;70;1.974.411;236.626;1.737.785
24/04/2020;Cundinamarca;Cundinamarca;4,70131;-74,146303;Bogotá;4558;23672;40361;1341,67;70;5;2;77;2027,58;2823;1745,28
25/04/2020;Cundinamarca;Cundinamarca;4,70131;-74,146303;Bogotá;67.321;63.794;640.731;1.136.223;72;8;1;81;1.908.069;131.115;1.776.954
26/04/2020;Cundinamarca;Cundinamarca;4,70131;-74,146303;Bogotá;0;0;159.037;1.174.562;49;0;2;51;1.333.599;0;1.333.599
27/04/2020;Cundinamarca;Cundinamarca;4,70131;-74,146303;Bogotá;0;0;29295;1027,3;51;0;4;55;1320,25;0;1320,25
28/04/2020;Cundinamarca;Cundinamarca;4,70131;-74,146303;Bogotá;4117;4282;29394;378,8;54;0;2;56;756,73;8399;672,74
29/04/2020;Cundinamarca;Cundinamarca;4,70131;-74,146303;Bogotá;6122;7525;37526;1108,47;66;0;1;67;1620,2;13647;1483,73
30/04/2020;Cundinamarca;Cundinamarca;4,70131;-74,146303;Bogotá;5311;66.563;297.764;556.486;46;0;1;47;973.923;119.673;854,25
1/05/2020;Cundinamarca;Cundinamarca;4,70131;-74,146303;Bogotá;21.631;29.505;343.193;1.347.049;71;0;3;74;1.741.378;51.136;1.690.242
2/05/2020;Cundinamarca;Cundinamarca;4,70131;-74,146303;Bogotá;208;2813;8336;1222,8;74;0;1;75;2086,61;3021;2056,4
3/05/2020;Cundinamarca;Cundinamarca;4,70131;-74,146303;Bogotá;244;67;29293;889,49;52;0;3;55;1251,86;6944;1182,42
4/05/2020;Cundinamarca;Cundinamarca;4,70131;-74,146303;Bogotá;36;1747;2216;1086,08;46;0;5;51;1325,51;1783;1307,68
5/05/2020;Cundinamarca;Cundinamarca;4,70131;-74,146303;Bogotá;4502;12678;2269;944,9;54;5;1;60;1343,6;1718;1171,8
6/05/2020;Cundinamarca;Cundinamarca;4,70131;-74,146303;Bogotá;5052;10496;5309;1181,39;78;6;1;85;1867,77;15548;1712,29
7/05/2020;Cundinamarca;Cundinamarca;4,70131;-74,146303;Bogotá;5988;15773;5573;764,68;64;8;0;72;1539,59;21761;1321,98
8/05/2020;Cundinamarca;Cundinamarca;4,70131;-74,146303;Bogotá;4762;14732;41704;802,66;46;8;0;54;1414,64;19494;1219,7
9/05/2020;Cundinamarca;Cundinamarca;4,70131;-74,146303;Bogotá;7634;14807;49851;770,46;46;9;6;61;1493,38;22441;1268,97
10/05/2020;Cundinamarca;Cundinamarca;4,70131;-74,146303;Bogotá;15;23786;52425;751,75;49;5;3;57;1515,36;23936;1276
11/05/2020;Cundinamarca;Cundinamarca;4,70131;-74,146303;Bogotá;0;0;29875;549,12;24;4;0;28;847,87;0;847,87
12/05/2020;Cundinamarca;Cundinamarca;4,70131;-74,146303;Bogotá;31525;14068;27933;687,75;51;6;4;61;1423,01;45593;967,08
13/05/2020;Cundinamarca;Cundinamarca;4,70131;-74,146303;Bogotá;5689;9228;46733;891,57;59;4;1;64;1508,07;14917;1358,9
14/05/2020;Cundinamarca;Cundinamarca;4,70131;-74,146303;Bogotá;7155;13556;52016;734,73;58;3;5;66;1462;20711;1254,89
15/05/2020;Cundinamarca;Cundinamarca;4,70131;-74,146303;Bogotá;5199;13012;48147;886,8;55;6;3;64;1550,38;18211;1368,27
16/05/2020;Cundinamarca;Cundinamarca;4,70131;-74,146303;Bogotá;6767;11351;5704;799,47;55;7;1;63;1551,05;18118;1369,87
17/05/2020;Cundinamarca;Cundinamarca;4,70131;-74,146303;Bogotá;0;589;50111;767,71;37;9;2;48;1327,72;589;1268,82
18/05/2020;Cundinamarca;Cundinamarca;4,70131;-74,146303;Bogotá;0;0;0;0;0;0;0;0;0;0;0
19/05/2020;Cundinamarca;Cundinamarca;4,70131;-74,146303;Bogotá;357;11692;44395;658,27;44;7;4;55;1254,84;15262;1102,22
20/05/2020;Cundinamarca;Cundinamarca;4,70131;-74,146303;Bogotá;6453;9795;52342;534,61;50;6;1;57;1220,51;16248;1058,03
21/05/2020;Cundinamarca;Cundinamarca;4,70131;-74,146303;Bogotá;7537;1248;34733;1007,25;52;5;8;65;1554,75;20017;1354,58
22/05/2020;Cundinamarca;Cundinamarca;4,70131;-74,146303;Bogotá;103;10307;45408;845,87;58;8;3;69;1506,02;20607;1299,95
23/05/2020;Cundinamarca;Cundinamarca;4,70131;-74,146303;Bogotá;6347;1371;40777;747,9;46;4;0;50;1356,24;20057;1155,67
24/05/2020;Cundinamarca;Cundinamarca;4,70131;-74,146303;Bogotá;0;0;36386;714,39;33;5;2;40;1078,25;0;1078,25
26/05/2020;Cundinamarca;Cundinamarca;4,70131;-74,146303;Bogotá;0;11212;30499;635,93;38;7;4;49;1053,04;11212;940,92
27/05/2020;Cundinamarca;Cundinamarca;4,70131;-74,146303;Bogotá;8169;7677;49445;790,8;0;0;0;0;0;0;0
28/05/2020;Cundinamarca;Cundinamarca;4,70131;-74,146303;Bogotá;715;17344;51865;784,15;58;6;1;65;1547,74;24494;1302,8
29/05/2020;Cundinamarca;Cundinamarca;4,70131;-74,146303;Bogotá;15439;13494;52497;926,15;53;7;1;61;1740,45;28933;1451,12
30/05/2020;Cundinamarca;Cundinamarca;4,70131;-74,146303;Bogotá;15439;13494;52497;926,15;53;7;1;61;1740,45;28933;1451,12
31/05/2020;Cundinamarca;Cundinamarca;4,70131;-74,146303;Bogotá;0;0;36258;634,08;30;4;5;39;996,66;0;996,66
1/06/2020;Cundinamarca;Cundinamarca;4,70131;-74,146303;Bogotá;0;624;3311;374,57;22;4;3;29;768,07;624;705,67
2/06/2020;Cundinamarca;Cundinamarca;4,70131;-74,146303;Bogotá;7124;17987;58174;715,5;46;7;8;61;1548,35;25111;1297,24
3/06/2020;Cundinamarca;Cundinamarca;4,70131;-74,146303;Bogotá;5489;10617;35825;461,92;42;8;2;52;981,23;16106;820,17
4/06/2020;Cundinamarca;Cundinamarca;4,70131;-74,146303;Bogotá;1038;1593;61891;836,33;62;3;2;67;1718,34;2631;1455,24
5/06/2020;Cundinamarca;Cundinamarca;4,70131;-74,146303;Bogotá;7992;17751;61247;712,66;53;8;7;68;1582,56;25743;1325,13
6/06/2020;Cundinamarca;Cundinamarca;4,70131;-74,146303;Bogotá;0;8569;42393;716,62;37;8;4;49;1226,24;8569;1140,55
7/06/2020;Cundinamarca;Cundinamarca;4,70131;-74,146303;Bogotá;0;8569;42393;716,62;37;8;4;49;1226,24;8569;1140,55
8/06/2020;Cundinamarca;Cundinamarca;4,70131;-74,146303;Bogotá;75;0;38385;294,19;25;4;6;35;753,04;75;678,04
9/06/2020;Cundinamarca;Cundinamarca;4,70131;-74,146303;Bogotá;6202;10865;5347;764,71;44;5;2;51;1470,08;17067;1299,41
10/06/2020;Cundinamarca;Cundinamarca;4,70131;-74,146303;Bogotá;6205;17183;59275;843,38;55;7;4;66;1670,01;23388;1436,13
11/06/2020;Cundinamarca;Cundinamarca;4,70131;-74,146303;Bogotá;12042;11979;54704;677,92;48;4;3;55;1465,17;24021;1224,96
12/06/2020;Cundinamarca;Cundinamarca;4,70131;-74,146303;Bogotá;9897;15031;58304;683;48;8;7;63;1515,32;24928;1266,04
13/06/2020;Cundinamarca;Cundinamarca;4,70131;-74,146303;Bogotá;661;14562;63974;711,85;50;8;6;64;1563,31;21172;1351,59
14/06/2020;Cundinamarca;Cundinamarca;4,70131;-74,146303;Bogotá;17;5879;49096;697,26;42;5;2;49;1264,01;7579;1188,22
15/06/2020;Cundinamarca;Cundinamarca;4,70131;-74,146303;Bogotá;0;677;39194;448,88;28;4;4;36;908,52;677;840,82
16/06/2020;Cundinamarca;Cundinamarca;4,70131;-74,146303;Bogotá;34;3228;42349;791,14;32;5;10;47;1247,25;3262;1214,63
17/06/2020;Cundinamarca;Cundinamarca;4,70131;-74,146303;Bogotá;7854;15509;59914;714,96;53;8;7;68;1547,73;23363;1314,1
18/06/2020;Cundinamarca;Cundinamarca;4,70131;-74,146303;Bogotá;9118;17174;71394;1170,88;66;7;8;81;2147,74;26292;1884,82
19/06/2020;Cundinamarca;Cundinamarca;4,70131;-74,146303;Bogotá;13646;16458;5806;860,03;57;4;3;64;1741,67;30104;1440,63
20/06/2020;Cundinamarca;Cundinamarca;4,70131;-74,146303;Bogotá;6316;8324;58366;650,89;46;9;5;60;1380,95;1464;1234,55
21/06/2020;Cundinamarca;Cundinamarca;4,70131;-74,146303;Bogotá;0;8023;4736;655,61;29;7;4;40;1209,44;8023;1129,21
22/06/2020;Cundinamarca;Cundinamarca;4,70131;-74,146303;Bogotá;0;7;70944;451,68;40;5;6;51;1168,12;7;1161,12
23/06/2020;Cundinamarca;Cundinamarca;4,70131;-74,146303;Bogotá;0;4515;74235;743,5;51;4;2;57;1531;4515;1485,85
24/06/2020;Cundinamarca;Cundinamarca;4,70131;-74,146303;Bogotá;4771;18256;6064;635,02;49;8;4;61;1471,69;23027;1241,42
25/06/2020;Cundinamarca;Cundinamarca;4,70131;-74,146303;Bogotá;8506;18231;7589;910,27;65;7;5;77;1936,54;26737;1669,17
26/06/2020;Cundinamarca;Cundinamarca;4,70131;-74,146303;Bogotá;9266;9787;5308;668,39;42;1;3;46;1389,72;19053;1199,19
27/06/2020;Cundinamarca;Cundinamarca;4,70131;-74,146303;Bogotá;8022;18722;51537;893,78;49;5;5;59;1676,59;26744;1409,15
28/06/2020;Cundinamarca;Cundinamarca;4,70131;-74,146303;Bogotá;8357;58;57903;855,23;38;9;5;52;1575,83;14157;1434,26
29/06/2020;Cundinamarca;Cundinamarca;4,70131;-74,146303;Bogotá;0;0;49773;524,34;29;3;5;37;1022,07;0;1022,07
30/06/2020;Cundinamarca;Cundinamarca;4,70131;-74,146303;Bogotá;0;6147;50279;706,54;39;4;11;54;1270,8;6147;1209,33
1/07/2020;Cundinamarca;Cundinamarca;4,70131;-74,146303;Bogotá;55691;75276;2763;1309,67;52;7;7;66;1585,97;2763;1309,67
2/07/2020;Cundinamarca;Cundinamarca;4,70131;-74,146303;Bogotá;47918;85422;29311;1333,4;57;5;5;67;1626,51;29311;1333,4
3/07/2020;Cundinamarca;Cundinamarca;4,70131;-74,146303;Bogotá;7131;7176;5976;954,91;47;7;6;60;1695,58;14307;1552,51
4/07/2020;Cundinamarca;Cundinamarca;4,70131;-74,146303;Bogotá;8654;14121;51083;865,01;53;7;5;65;1603,59;22775;1375,84
5/07/2020;Cundinamarca;Cundinamarca;4,70131;-74,146303;Bogotá;122;8778;53879;1004,96;42;5;6;53;1643,73;9998;1543,75
6/07/2020;Cundinamarca;Cundinamarca;4,70131;-74,146303;Bogotá;0;0;31936;579,97;23;5;5;33;899,33;0;899,33
7/07/2020;Cundinamarca;Cundinamarca;4,70131;-74,146303;Bogotá;6475;10979;50081;818,7;49;4;3;56;1494,05;17454;1319,51
8/07/2020;Cundinamarca;Cundinamarca;4,70131;-74,146303;Bogotá;5928;10228;62318;758,03;44;3;8;55;1542,77;16156;1381,21
9/07/2020;Cundinamarca;Cundinamarca;4,70131;-74,146303;Bogotá;7546;18488;56458;893,03;51;5;8;67;1717,95;26034;1457,61
10/07/2020;Cundinamarca;Cundinamarca;4,70131;-74,146303;Bogotá;10001;17122;51094;876,34;51;4;8;67;1658,51;27123;1387,28
11/07/2020;Cundinamarca;Cundinamarca;4,70131;-74,146303;Bogotá;5175;17612;83288;1017,86;59;2;6;67;2078,61;22787;1850,74
12/07/2020;Cundinamarca;Cundinamarca;4,70131;-74,146303;Bogotá;332;567;41125;877,82;36;3;5;44;1378,97;899;1289,07
13/07/2020;Cundinamarca;Cundinamarca;4,70131;-74,146303;Bogotá;0;0;20851;455,69;19;4;3;26;664,2;0;664,2
14/07/2020;Cundinamarca;Cundinamarca;4,70131;-74,146303;Bogotá;20066;11418;42259;896,48;41;6;5;52;1633,91;31484;1319,07
15/07/2020;Cundinamarca;Cundinamarca;4,70131;-74,146303;Bogotá;6495;17946;76844;843,02;50;4;5;59;1855,87;24441;1611,46
16/07/2020;Cundinamarca;Cundinamarca;4,70131;-74,146303;Bogotá;8229;17219;5903;887,36;53;4;3;60;1732,14;25448;1477,66
17/07/2020;Cundinamarca;Cundinamarca;4,70131;-74,146303;Bogotá;4339;14124;44573;678,42;40;4;1;45;1308,78;18463;1124,15
18/07/2020;Cundinamarca;Cundinamarca;4,70131;-74,146303;Bogotá;7669;18679;62074;751,18;51;3;0;54;1635,4;26348;1371,92
19/07/2020;Cundinamarca;Cundinamarca;4,70131;-74,146303;Bogotá;9228;0;3684;924,47;43;6;1;50;1385,15;9228;1292,87
20/07/2020;Cundinamarca;Cundinamarca;4,70131;-74,146303;Bogotá;0;9825;5685;724,41;40;6;3;49;1391,16;9825;1292,91
21/07/2020;Cundinamarca;Cundinamarca;4,70131;-74,146303;Bogotá;7486;1428;54759;813,22;47;3;5;55;1578,47;21766;1360,81
22/07/2020;Cundinamarca;Cundinamarca;4,70131;-74,146303;Bogotá;7486;1428;54759;813,22;47;3;5;55;1578,47;21766;1360,81
23/07/2020;Cundinamarca;Cundinamarca;4,70131;-74,146303;Bogotá;10819;15561;76203;1004,34;61;7;3;71;2030,17;2638;1766,37
24/07/2020;Cundinamarca;Cundinamarca;4,70131;-74,146303;Bogotá;11164;7824;5433;754,61;46;7;7;60;1487,79;18988;1297,91
25/07/2020;Cundinamarca;Cundinamarca;4,70131;-74,146303;Bogotá;11027;13228;59289;716,14;51;5;1;57;1551,58;24255;1309,03
26/07/2020;Cundinamarca;Cundinamarca;4,70131;-74,146303;Bogotá;155;1491;44951;889,61;34;5;4;43;1369,53;3041;1339,12
27/07/2020;Cundinamarca;Cundinamarca;4,70131;-74,146303;Bogotá;27348;46354;12291;737,02;32;5;3;40;859,93;12291;737,02
28/07/2020;Cundinamarca;Cundinamarca;4,70131;-74,146303;Bogotá;62266;106926;19321;1691,92;50;3;3;56;1885,13;19321;1691,92
29/07/2020;Cundinamarca;Cundinamarca;4,70131;-74,146303;Bogotá;62017;61171;27587;1231,88;41;4;5;50;1507,75;27587;1231,88
30/07/2020;Cundinamarca;Cundinamarca;4,70131;-74,146303;Bogotá;70413;101091;28391;1715,04;59;4;2;65;1998,95;28391;1715,04
31/07/2020;Cundinamarca;Cundinamarca;4,70131;-74,146303;Bogotá;30864;68319;29204;991,83;49;6;2;57;1283,87;29204;991,83
1/08/2020;Cundinamarca;Cundinamarca;4,70131;-74,146303;Bogotá;51877;63617;21596;1154,94;47;7;2;56;1370,9;21596;1154,94
2/08/2020;Cundinamarca;Cundinamarca;4,70131;-74,146303;Bogotá;2759;9651;71108;902,06;40;3;0;43;1737,24;1241;1613,14
3/08/2020;Cundinamarca;Cundinamarca;4,70131;-74,146303;Bogotá;0;1717;30142;382,22;26;6;2;34;700,81;1717;683,64
4/08/2020;Cundinamarca;Cundinamarca;4,70131;-74,146303;Bogotá;868;11637;53398;1035,21;50;6;4;60;1772,36;20317;1569,19
5/08/2020;Cundinamarca;Cundinamarca;4,70131;-74,146303;Bogotá;12714;13761;48997;933,73;50;4;7;61;1688,45;26475;1423,7
6/08/2020;Cundinamarca;Cundinamarca;4,70131;-74,146303;Bogotá;7064;16567;50927;1089,29;56;5;3;64;1834,87;23631;1598,56
7/08/2020;Cundinamarca;Cundinamarca;4,70131;-74,146303;Bogotá;7415;4772;49127;735,69;38;4;2;44;1348,83;12187;1226,96
8/08/2020;Cundinamarca;Cundinamarca;4,70131;-74,146303;Bogotá;6;1525;51024;932,6;50;3;3;56;1595,94;1531;1442,84
9/08/2020;Cundinamarca;Cundinamarca;4,70131;-74,146303;Bogotá;5794;0;49728;1131,03;50;6;1;57;1686,25;5794;1628,31
10/08/2020;Cundinamarca;Cundinamarca;4,70131;-74,146303;Bogotá;55;0;3087;541,04;26;3;2;31;904,74;55;849,74
11/08/2020;Cundinamarca;Cundinamarca;4,70131;-74,146303;Bogotá;11493;16255;61633;1009,21;58;7;4;69;1903,02;27748;1625,54
12/08/2020;Cundinamarca;Cundinamarca;4,70131;-74,146303;Bogotá;8283;1916;60803;637,53;46;4;7;57;1519,99;27443;1245,56
13/08/2020;Cundinamarca;Cundinamarca;4,70131;-74,146303;Bogotá;9874;19789;65237;838,55;56;6;6;68;1787,55;29663;1490,92
14/08/2020;Cundinamarca;Cundinamarca;4,70131;-74,146303;Bogotá;9956;13539;57506;896,78;57;7;1;65;1706,79;23495;1471,84
15/08/2020;Cundinamarca;Cundinamarca;4,70131;-74,146303;Bogotá;7784;16663;61086;675,16;48;4;5;57;1530,49;24447;1286,02
16/08/2020;Cundinamarca;Cundinamarca;4,70131;-74,146303;Bogotá;1072;0;51877;900,02;42;6;3;51;1429,51;1072;1418,79
17/08/2020;Cundinamarca;Cundinamarca;4,70131;-74,146303;Bogotá;0;488;24285;370,44;22;2;2;26;662,09;488;613,29
18/08/2020;Cundinamarca;Cundinamarca;4,70131;-74,146303;Bogotá;0;4648;5511;905,76;37;2;2;41;1503,34;4648;1456,86
19/08/2020;Cundinamarca;Cundinamarca;4,70131;-74,146303;Bogotá;1002;13942;64285;817,75;47;5;3;55;1700,22;23962;1460,6
20/08/2020;Cundinamarca;Cundinamarca;4,70131;-74,146303;Bogotá;11221;16869;52657;970,78;59;5;6;70;1778,25;2809;1497,35
21/08/2020;Cundinamarca;Cundinamarca;4,70131;-74,146303;Bogotá;8418;131;51411;669,43;42;8;5;55;1398,72;21518;1183,54
22/08/2020;Cundinamarca;Cundinamarca;4,70131;-74,146303;Bogotá;10477;23799;60306;1023,79;56;5;6;67;1969,61;34276;1626,85
23/08/2020;Cundinamarca;Cundinamarca;4,70131;-74,146303;Bogotá;0;551;59463;935,86;35;6;0;41;1585,59;551;1530,49
24/08/2020;Cundinamarca;Cundinamarca;4,70131;-74,146303;Bogotá;1803;492;26619;408,49;21;4;4;29;741,91;6723;674,68
25/08/2020;Cundinamarca;Cundinamarca;4,70131;-74,146303;Bogotá;8974;10681;61339;999,21;49;5;7;61;1809,15;19655;1612,6
26/08/2020;Cundinamarca;Cundinamarca;4,70131;-74,146303;Bogotá;5899;18065;50077;920,83;51;7;2;60;1661,24;23964;1421,6
27/08/2020;Cundinamarca;Cundinamarca;4,70131;-74,146303;Bogotá;9218;18717;59761;1034,56;53;5;1;59;1911,52;27935;1632,17
28/08/2020;Cundinamarca;Cundinamarca;4,70131;-74,146303;Bogotá;47;16428;54679;826,52;48;7;1;56;1584,59;21128;1373,31
29/08/2020;Cundinamarca;Cundinamarca;4,70131;-74,146303;Bogotá;23;98;37665;842,59;35;5;2;42;1231,34;121;1219,24
31/08/2020;Cundinamarca;Cundinamarca;4,70131;-74,146303;Bogotá;0;531;28609;491,81;29;6;2;37;831;531;777,9
1/09/2020;Cundinamarca;Cundinamarca;4,70131;-74,146303;Bogotá;8922;14833;460;710,77;42;5;5;52;1408,32;23755;1170,77
2/09/2020;Cundinamarca;Cundinamarca;4,70131;-74,146303;Bogotá;12478;15129;52707;674,15;43;3;4;50;1477,29;27607;1201,22
3/09/2020;Cundinamarca;Cundinamarca;4,70131;-74,146303;Bogotá;9606;23599;58399;930,3;53;3;0;56;1846,34;33205;1514,29
4/09/2020;Cundinamarca;Cundinamarca;4,70131;-74,146303;Bogotá;6239;6537;50456;1220,41;48;4;1;53;1852,73;12776;1724,97
5/09/2020;Cundinamarca;Cundinamarca;4,70131;-74,146303;Bogotá;7475;18195;0;0;17;5;0;22;256,7;2567;0
6/09/2020;Cundinamarca;Cundinamarca;4,70131;-74,146303;Bogotá;3593;6646;0;0;4;3;0;7;102,39;10239;0
7/09/2020;Cundinamarca;Cundinamarca;4,70131;-74,146303;Bogotá;11;0;0;0;1;3;0;4;11;11;0
